Workbook

Sheet Sheet1
A1: KEY | B1: KEY标签 | C1: 店铺ID | D1: 店铺名称
A2: 周奇 | B2: =VLOOKUP(A2,[1]主体维度!$A$1:$C$3000,3,0) -> S | C2: 634418210923138 | D2: Qian Gugu
A3: 周奇 | B3: =VLOOKUP(A3,[1]主体维度!$A$1:$C$3000,3,0) -> S | C3: 634418212414811 | D3: Ling Daozhe
A4: 周奇 | B4: =VLOOKUP(A4,[1]主体维度!$A$1:$C$3000,3,0) -> S | C4: 634418222692282 | D4: Yi Chen Fushi
A5: 周奇 | B5: =VLOOKUP(A5,[1]主体维度!$A$1:$C$3000,3,0) -> S | C5: 634418222746812 | D5: Yi Xuan FuShi
A6: 周奇 | B6: =VLOOKUP(A6,[1]主体维度!$A$1:$C$3000,3,0) -> S | C6: 634418213755266 | D6: Hui Guniang
A7: 周奇 | B7: =VLOOKUP(A7,[1]主体维度!$A$1:$C$3000,3,0) -> S | C7: 634418215719586 | D7: Putaoshu
A8: 周奇 | B8: =VLOOKUP(A8,[1]主体维度!$A$1:$C$3000,3,0) -> S | C8: 634418216266449 | D8: Da Xiaojie
A9: 周奇 | B9: =VLOOKUP(A9,[1]主体维度!$A$1:$C$3000,3,0) -> S | C9: 634418216474598 | D9: Qian Daizi
A10: 周奇 | B10: =VLOOKUP(A10,[1]主体维度!$A$1:$C$3000,3,0) -> S | C10: 634418216716288 | D10: Meng bali
A11: 周奇 | B11: =VLOOKUP(A11,[1]主体维度!$A$1:$C$3000,3,0) -> S | C11: 634418211972264 | D11: Xiao Guli
A12: Dress Brightly | B12: =VLOOKUP(A12,[1]主体维度!$A$1:$C$3000,3,0) -> S | C12: 634418210927341 | D12: Dress Brightly
A13: Dress Brightly | B13: =VLOOKUP(A13,[1]主体维度!$A$1:$C$3000,3,0) -> S | C13: 634418211551563 | D13: Enchanting Elegance Boutique
... A547: LLX-林总 | B547: =VLOOKUP(A547,[1]主体维度!$A$1:$C$3000,3,0) -> C | C547: 634418221766258 | D547: linmiaomiao
A548: LLX-林总 | B548: =VLOOKUP(A548,[1]主体维度!$A$1:$C$3000,3,0) -> C | C548: 634418221990004
A549: LLX-林总 | B549: =VLOOKUP(A549,[1]主体维度!$A$1:$C$3000,3,0) -> C | C549: 634418222023507 | D549: KLclothingstudio
A550: LLX-彭总 | B550: =VLOOKUP(A550,[1]主体维度!$A$1:$C$3000,3,0) -> C | C550: 634418210889113 | D550: HUA LI FASHION
A551: LLX-彭总 | B551: =VLOOKUP(A551,[1]主体维度!$A$1:$C$3000,3,0) -> C | C551: 634418225047545 | D551: YLQWH
A552: LLX-彭总 | B552: =VLOOKUP(A552,[1]主体维度!$A$1:$C$3000,3,0) -> C | C552: 634418227166118 | D552: YOULFUSHI
A553: LLX-彭总 | B553: =VLOOKUP(A553,[1]主体维度!$A$1:$C$3000,3,0) -> C | C553: 634418227401547 | D553: DYFCSWS
A554: LLX-彭总 | B554: =VLOOKUP(A554,[1]主体维度!$A$1:$C$3000,3,0) -> C | C554: 634418227491771 | D554: XFDress
A555: LLX-彭总 | B555: =VLOOKUP(A555,[1]主体维度!$A$1:$C$3000,3,0) -> C | C555: 634418227527932 | D555: PFXDM
A556: 芮羽服装厂 | B556: =VLOOKUP(A556,[1]主体维度!$A$1:$C$3000,3,0) -> B | C556: 634418221044566 | D556: Shencui
A557: 王鹏 | B557: =VLOOKUP(A557,[1]主体维度!$A$1:$C$3000,3,0) -> B | C557: 634418225975166 | D557: wenwanfuren
A558: 王鹏 | B558: =VLOOKUP(A558,[1]主体维度!$A$1:$C$3000,3,0) -> B | C558: 634418226888043 | D558: wangpengyiyi
A559: 王鹏 | B559: =VLOOKUP(A559,[1]主体维度!$A$1:$C$3000,3,0) -> B | C559: 634418226892212 | D559: The Style Chapter
A560: 吴总 Nova Veil | B560: =VLOOKUP(A560,[1]主体维度!$A$1:$C$3000,3,0) -> C | C560: 634418224135774 | D560: Nova Veil
... A619: 周得新 Shen Huxi | B619: =VLOOKUP(A619,[1]主体维度!$A$1:$C$3000,3,0) -> C | C619: 634418224339297 | D619: coconut CAT
A620: 周得新 Shen Huxi | B620: =VLOOKUP(A620,[1]主体维度!$A$1:$C$3000,3,0) -> C | C620: 634418222820499
A621: 周得新 Shen Huxi | B621: =VLOOKUP(A621,[1]主体维度!$A$1:$C$3000,3,0) -> C | C621: 634418224736209 | D621: Lollypop
A622: 周得新 Shen Huxi | B622: =VLOOKUP(A622,[1]主体维度!$A$1:$C$3000,3,0) -> C | C622: 634418224309428 | D622: SPARKLE BRIGHTLY
A623: The desire | B623: =VLOOKUP(A623,[1]主体维度!$A$1:$C$3000,3,0) -> B | C623: 634418224822060 | D623: The desire to shop
A624: Xixiha | B624: =VLOOKUP(A624,[1]主体维度!$A$1:$C$3000,3,0) -> B | C624: 634418218934393 | D624: Xixiha womens
A625: Xixiha | B625: =VLOOKUP(A625,[1]主体维度!$A$1:$C$3000,3,0) -> B | C625: 634418220417275 | D625: TIANJINXI
A626: Aiyang-张丽敏-珺红主体-林宏治负责 | B626: =VLOOKUP(A626,[1]主体维度!$A$1:$C$3000,3,0) -> C | C626: 634418217144788 | D626: Alamee
A627: Aiyang-张丽敏-珺红主体-林宏治负责 | B627: =VLOOKUP(A627,[1]主体维度!$A$1:$C$3000,3,0) -> C | C627: 634418217273712 | D627: Alauu
A628: Aiyang-张丽敏-珺红主体-林宏治负责 | B628: =VLOOKUP(A628,[1]主体维度!$A$1:$C$3000,3,0) -> C | C628: 634418218239165 | D628: CHINGE
A629: Aiyang-张丽敏-珺红主体-林宏治负责 | B629: =VLOOKUP(A629,[1]主体维度!$A$1:$C$3000,3,0) -> C | C629: 634418219317455 | D629: LIVII
A630: Aiyang-张丽敏-珺红主体-林宏治负责 | B630: =VLOOKUP(A630,[1]主体维度!$A$1:$C$3000,3,0) -> C | C630: 634418221516981 | D630: Alashaa
A631: Aiyang-张丽敏-珺红主体-林宏治负责 | B631: =VLOOKUP(A631,[1]主体维度!$A$1:$C$3000,3,0) -> C | C631: 634418221512084 | D631: Ala Vogue
A632: Aiyang-张丽敏-珺红主体-林宏治负责 | B632: =VLOOKUP(A632,[1]主体维度!$A$1:$C$3000,3,0) -> C | C632: 634418222188170 | D632: Alavv
... A981: 朱总 | B981: =VLOOKUP(A981,[1]主体维度!$A$1:$C$3000,3,0) -> C | C981: 634418221839170 | D981: CHENYUCHUAN
A982: 朱总 | B982: =VLOOKUP(A982,[1]主体维度!$A$1:$C$3000,3,0) -> C | C982: 待注册新店铺
A983: Cameo | B983: =VLOOKUP(A983,[1]主体维度!$A$1:$C$3000,3,0) -> N | C983: 634418221570418 | D983: Cameo Clothing
A984: Harper | B984: =VLOOKUP(A984,[1]主体维度!$A$1:$C$3000,3,0) -> N | C984: 634418224495016 | D984: DJin Girl
A985: Mancao | B985: =VLOOKUP(A985,[1]主体维度!$A$1:$C$3000,3,0) -> C | C985: 634418223449731 | D985: Mancao Clothing
A986: Stellarum | B986: =VLOOKUP(A986,[1]主体维度!$A$1:$C$3000,3,0) -> N | C986: 634418222645678 | D986: Stellarum
A987: Stellarum | B987: =VLOOKUP(A987,[1]主体维度!$A$1:$C$3000,3,0) -> N | C987: 634418222981757 | D987: Vogue Craft
A988: 恒琬 | B988: =VLOOKUP(A988,[1]主体维度!$A$1:$C$3000,3,0) -> N | C988: 634418221253130 | D988: hwfs
A989: 伊亿服饰 | B989: =VLOOKUP(A989,[1]主体维度!$A$1:$C$3000,3,0) -> N | C989: 634418222704436 | D989: WJIN
A990: 伊亿服饰 | B990: =VLOOKUP(A990,[1]主体维度!$A$1:$C$3000,3,0) -> N | C990: 634418222890350 | D990: HIYIFS
A991: PrettyGirl | B991: =VLOOKUP(A991,[1]主体维度!$A$1:$C$3000,3,0) -> N | C991: 634418222237254 | D991: PrettyGirl Clothing
A992: PrettyGirl | B992: =VLOOKUP(A992,[1]主体维度!$A$1:$C$3000,3,0) -> N | C992: 634418221865090 | D992: Moom room
A993: 张建辉 | B993: =VLOOKUP(A993,[1]主体维度!$A$1:$C$3000,3,0) -> N | C993: 634418220330992 | D993: Style Sensation clothing
A994: Bits Dream | B994: =VLOOKUP(A994,[1]主体维度!$A$1:$C$3000,3,0) -> C | C994: 634418220991909 | D994: Bits Dream
... A1025: Jingyi | B1025: =VLOOKUP(A1025,[1]主体维度!$A$1:$C$3000,3,0) -> C | C1025: 634418222210265 | D1025: Jingyi Apparel
A1026: Jingyi | B1026: =VLOOKUP(A1026,[1]主体维度!$A$1:$C$3000,3,0) -> C | C1026: 待注册新店铺
A1027: CY Sincerity | B1027: =VLOOKUP(A1027,[1]主体维度!$A$1:$C$3000,3,0) -> N | C1027: 634418220371534 | D1027: CY Sincerity Clothing
A1028: Mmming | B1028: =VLOOKUP(A1028,[1]主体维度!$A$1:$C$3000,3,0) -> N | C1028: 5047676250134 | D1028: MANDUONA
A1029: Mmming | B1029: =VLOOKUP(A1029,[1]主体维度!$A$1:$C$3000,3,0) -> N | C1029: 634418222482425 | D1029: Mmming
A1030: 多喝点水 | B1030: =VLOOKUP(A1030,[1]主体维度!$A$1:$C$3000,3,0) -> N | C1030: 634418223939950 | D1030: ProvenceD
A1031: 亿美 | B1031: =VLOOKUP(A1031,[1]主体维度!$A$1:$C$3000,3,0) -> N | C1031: 634418218998156 | D1031: CHEsupreme
A1032: 肖川-ccfushl | B1032: =VLOOKUP(A1032,[1]主体维度!$A$1:$C$3000,3,0) -> N | C1032: 634418222116199 | D1032: ccfushl
A1033: Dora Fashion | B1033: =VLOOKUP(A1033,[1]主体维度!$A$1:$C$3000,3,0) -> N | C1033: 634418221317181 | D1033: Dora Fashion Clothing
A1034: Dora Fashion | B1034: =VLOOKUP(A1034,[1]主体维度!$A$1:$C$3000,3,0) -> N | C1034: 634418222495747 | D1034: Doras little shop
A1035: 泽霖 | B1035: =VLOOKUP(A1035,[1]主体维度!$A$1:$C$3000,3,0) -> N | C1035: 634418221221492 | D1035: Mr ZeLin
A1036: 泽霖 | B1036: =VLOOKUP(A1036,[1]主体维度!$A$1:$C$3000,3,0) -> N | C1036: 634418211103244 | D1036: Ashely fashion
A1037: 泽霖 | B1037: =VLOOKUP(A1037,[1]主体维度!$A$1:$C$3000,3,0) -> N | C1037: 634418225150130 | D1037: OO TD
A1038: 泽霖 | B1038: =VLOOKUP(A1038,[1]主体维度!$A$1:$C$3000,3,0) -> N | C1038: 634418225249739
A1039: XIAOSOXU | B1039: =VLOOKUP(A1039,[1]主体维度!$A$1:$C$3000,3,0) -> N | C1039: 634418224703447 | D1039: XIAOSOXU
A1040: Huiyan | B1040: =VLOOKUP(A1040,[1]主体维度!$A$1:$C$3000,3,0) -> N | C1040: 3579357285043 | D1040: Huiyan selection of women
A1041: JoyStitch | B1041: =VLOOKUP(A1041,[1]主体维度!$A$1:$C$3000,3,0) -> N | C1041: 634418222012603 | D1041: JoyStitch
A1042: 紫衣萱服饰 | B1042: =VLOOKUP(A1042,[1]主体维度!$A$1:$C$3000,3,0) -> C | C1042: 634418218246268 | D1042: ziyixuanfushi
A1043: IN ALL | B1043: =VLOOKUP(A1043,[1]主体维度!$A$1:$C$3000,3,0) -> N | C1043: 634418223112132 | D1043: IN ALL
A1044: YBY | B1044: =VLOOKUP(A1044,[1]主体维度!$A$1:$C$3000,3,0) -> C | C1044: 634418223621123 | D1044: YBY fashion
A1045: YBY | B1045: =VLOOKUP(A1045,[1]主体维度!$A$1:$C$3000,3,0) -> C | C1045: 634418225145015 | D1045: YBY lucky
A1046: Elegant JJH | B1046: =VLOOKUP(A1046,[1]主体维度!$A$1:$C$3000,3,0) -> N | C1046: 634418217204409 | D1046: Elegant JJH
A1047: XingXing | B1047: =VLOOKUP(A1047,[1]主体维度!$A$1:$C$3000,3,0) -> N | C1047: 634418220792728 | D1047: XingXing Womens clothing
A1048: XingXing | B1048: =VLOOKUP(A1048,[1]主体维度!$A$1:$C$3000,3,0) -> N | C1048: 634418220801547 | D1048: Yu Xuan Womens clothing
A1049: 熊总-xinhui | B1049: =VLOOKUP(A1049,[1]主体维度!$A$1:$C$3000,3,0) -> N | C1049: 634418221370222 | D1049: Fashion xinhui
A1050: D. | B1050: =VLOOKUP(A1050,[1]主体维度!$A$1:$C$3000,3,0) -> N | C1050: 634418224144288 | D1050: StMandy
... A1346: 阿敏 | B1346: =VLOOKUP(A1346,[1]主体维度!$A$1:$C$3000,3,0) -> C | C1346: 634418227432898 | D1346: Easy Peasy Wear
A1347: Zi Yang clothing | B1347: =VLOOKUP(A1347,[1]主体维度!$A$1:$C$3000,3,0) -> N | C1347: 4256111736763
A1348: Lcuking-Sam | B1348: =VLOOKUP(A1348,[1]主体维度!$A$1:$C$3000,3,0) -> N | C1348: 634418227442468 | D1348: LcukingL
A1349: Lcuking-Sam | B1349: =VLOOKUP(A1349,[1]主体维度!$A$1:$C$3000,3,0) -> N | C1349: 634418227401537 | D1349: LuckingG
A1350: 张青元 | B1350: =VLOOKUP(A1350,[1]主体维度!$A$1:$C$3000,3,0) -> N | C1350: 634418225723671 | D1350: Neutral M
A1351: 张青元 | B1351: =VLOOKUP(A1351,[1]主体维度!$A$1:$C$3000,3,0) -> N | C1351: 634418227450607 | D1351: miaomiao womens wear
A1352: 张青元 | B1352: =VLOOKUP(A1352,[1]主体维度!$A$1:$C$3000,3,0) -> N | C1352: 634418227678327 | D1352: miaomi womens wear
A1353: 昊然女装 | B1353: =VLOOKUP(A1353,[1]主体维度!$A$1:$C$3000,3,0) -> C | C1353: 634418225962331 | D1353: Haorise
A1354: 昊然女装 | B1354: =VLOOKUP(A1354,[1]主体维度!$A$1:$C$3000,3,0) -> C | C1354: 634418225953261 | D1354: Haorane
A1355: 昊然女装 | B1355: =VLOOKUP(A1355,[1]主体维度!$A$1:$C$3000,3,0) -> C | C1355: 634418222662033 | D1355: Haorancos
A1356: 白云黄总 | B1356: =VLOOKUP(A1356,[1]主体维度!$A$1:$C$3000,3,0) -> C | C1356: 634418227481124 | D1356: QDH Clothing
A1357: guestgreeting pine | B1357: =VLOOKUP(A1357,[1]主体维度!$A$1:$C$3000,3,0) -> N | C1357: 634418225593414 | D1357: guestgreeting pine
A1358: Staryux | B1358: =VLOOKUP(A1358,[1]主体维度!$A$1:$C$3000,3,0) -> B | C1358: 634418226490759 | D1358: Staryux
A1359: 天意服饰 白云黄总朋友 | B1359: =VLOOKUP(A1359,[1]主体维度!$A$1:$C$3000,3,0) -> C | C1359: 634418227513486 | D1359: TianyY Clothing
... A1370: QYOUTAI | B1370: =VLOOKUP(A1370,[1]主体维度!$A$1:$C$3000,3,0) -> N | C1370: 634418227124912 | D1370: QYOUTAI
A1371: LumenGlobe | B1371: =VLOOKUP(A1371,[1]主体维度!$A$1:$C$3000,3,0) -> N | C1371: 634418227824883
A1372: LumenGlobe | B1372: =VLOOKUP(A1372,[1]主体维度!$A$1:$C$3000,3,0) -> N | C1372: 634418227828430
A1373: LumenGlobe | B1373: =VLOOKUP(A1373,[1]主体维度!$A$1:$C$3000,3,0) -> N | C1373: 634418215830608
A1374: 硬汉 Tengxingya 阿豪哥哥 | B1374: =VLOOKUP(A1374,[1]主体维度!$A$1:$C$3000,3,0) -> N | C1374: 634418226222180 | D1374: Tengxingya clothes
...
